Date,iPad Sales,Share of Total Apple Revenue
Q1 2018,$5.86 billion,6.44%
Q2 2018,$4.01 billion,6.73%
Q3 2018,$4.63 billion,8.9%
Q4 2018,$4.09 billion,6.5%
Q1 2019,$6.73 billion,7.98%
Q2 2019,$4.87 billion,8.4%
Q3 2019,$5.02 billion,9.33%
Q4 2019,$4.66 billion,7.27%
Q1 2020,$5.98 billion,6.51%
Q2 2020,$4.37 billion,7.5%
Q3 2020,$6.58 billion,11.03%
Q4 2020,$6.8 billion,10.05%
Q1 2021,$8.44 billion,7.57%
Q2 2021,$7.81 billion,8.71%
Q3 2021,$7.37 billion,9.05%
Q4 2021,$8.25 billion,9.9%
Q1 2022,$7.25 billion,5.85%
Q2 2022,$7.65 billion,7.86%
Q3 2022,$7.22 billion,8.71%
Q4 2022,$7.17 billion,7.96%
Q1 2023,$9.4 billion,8.02%
Q2 2023,$6.67 billion,7.03%
Q3 2023,$5.79 billion,7.08%
Q4 2023,$6.44 billion,7.2%
Q1 2024,$7.02 billion,5.87%
Q2 2024,$5.56 billion,6.13%
