Date,Apple Rest of Asia Pacific Revenue,Share of Total Apple Revenue
Q1 2018,$6.85 billion,7.76%
Q2 2018,$3.96 billion,6.47%
Q3 2018,$3.17 billion,5.95%
Q4 2018,$3.43 billion,5.45%
Q1 2019,$6.93 billion,8.22%
Q2 2019,$3.62 billion,6.23%
Q3 2019,$3.59 billion,6.67%
Q4 2019,$3.66 billion,5.71%
Q1 2020,$7.38 billion,8.04%
Q2 2020,$3.89 billion,6.66%
Q3 2020,$4.2 billion,7.04%
Q4 2020,$4.13 billion,7.1%
Q1 2021,$8.23 billion,7.38%
Q2 2021,$7.54 billion,8.42%
Q3 2021,$5.4 billion,6.62%
Q4 2021,$5.19 billion,6.23%
Q1 2022,$9.81 billion,7.91%
Q2 2022,$7.04 billion,7.24%
Q3 2022,$6.15 billion,7.41%
Q4 2022,$6.37 billion,7.07%
Q1 2023,$9.54 billion,8.13%
Q2 2023,$8.12 billion,8.56%
Q3 2023,$5.63 billion,6.88%
Q4 2023,$6.33 billion,7.08%
Q1 2024,$10.62 billion,8.5%
Q2 2024,$6.72 billion,7.41%
