Date,Apple Quarterly Revenue
Q1 2019,$84.31 billion
Q2 2019,$58.02 billion
Q3 2019,$53.81 billion
Q4 2019,$64.04 billion
Q1 2020,$91.82 billion
Q2 2020,$58.31 billion
Q3 2020,$59.69 billion
Q4 2020,$64.7 billion
Q1 2021,$111.44 billion
Q2 2021,$89.58 billion
Q3 2021,$81.43 billion
Q4 2021,$83.36 billion
Q1 2022,$123.95 billion
Q2 2022,$97.28 billion
Q3 2022,$82.96 billion
Q4 2022,$90.15 billion
Q1 2023,$117.15 billion
Q2 2023,$94.84 billion
Q3 2023,$81.8 billion
Q4 2023,$89.5 billion
Q1 2024,$119.58 billion
Q2 2024,$90.75 billion
